id,country,league_code,league,league_display_name,team,opponent,date,is_home,score,goals_for,goals_against,goal_times,goal_times_conceded,match_id,ht_score,url,scraped_at
16223,Bulgaria,germany,germany,"A PFG",Dortmund,"Sankt Pauli","23 Aug",0,3-3,3,3,"[34, 67, 74, 0, 0, 0, 0, 0, 0, 0]","[50, 86, 89, 0, 0, 0, 0, 0, 0, 0]","23 Aug_Dortmund_vs_Sankt Pauli",,,"2025-12-10 18:56:29"
16224,Bulgaria,germany,germany,"A PFG",Dortmund,"Union Berlin","31 Aug",1,3-0,3,0,"[44, 58, 81, 0, 0, 0, 0, 0, 0, 0]","[0, 0, 0, 0, 0, 0, 0, 0, 0, 0]","31 Aug_Dortmund_vs_Union Berlin",,,"2025-12-10 18:56:29"
16225,Bulgaria,germany,germany,"A PFG",Dortmund,Heidenheim,"13 Sep",0,0-2,2,0,"[33, 45, 0, 0, 0, 0, 0, 0, 0, 0]","[0, 0, 0, 0, 0, 0, 0, 0, 0, 0]","13 Sep_Dortmund_vs_Heidenheim",,,"2025-12-10 18:56:30"
16226,Bulgaria,germany,germany,"A PFG",Dortmund,Wolfsburg,"21 Sep",1,1-0,1,0,"[20, 0, 0, 0, 0, 0, 0, 0, 0, 0]","[0, 0, 0, 0, 0, 0, 0, 0, 0, 0]","21 Sep_Dortmund_vs_Wolfsburg",,,"2025-12-10 18:56:30"
16227,Bulgaria,germany,germany,"A PFG",Dortmund,"FSV Mainz","27 Sep",0,0-2,2,0,"[27, 40, 0, 0, 0, 0, 0, 0, 0, 0]","[0, 0, 0, 0, 0, 0, 0, 0, 0, 0]","27 Sep_Dortmund_vs_FSV Mainz",,,"2025-12-10 18:56:30"
16228,Bulgaria,germany,germany,"A PFG",Dortmund,"RB Leipzig","4 Oct",1,1-1,1,1,"[23, 0, 0, 0, 0, 0, 0, 0, 0, 0]","[7, 0, 0, 0, 0, 0, 0, 0, 0, 0]","4 Oct_Dortmund_vs_RB Leipzig",,,"2025-12-10 18:56:30"
16229,Bulgaria,germany,germany,"A PFG",Dortmund,"Bayern Munich","18 Oct",0,2-1,1,2,"[84, 0, 0, 0, 0, 0, 0, 0, 0, 0]","[22, 78, 0, 0, 0, 0, 0, 0, 0, 0]","18 Oct_Bayern Munich_vs_Dortmund",,,"2025-12-10 18:56:30"
16230,Bulgaria,germany,germany,"A PFG",Dortmund,"FC Koln","25 Oct",1,1-0,1,0,"[90, 0, 0, 0, 0, 0, 0, 0, 0, 0]","[0, 0, 0, 0, 0, 0, 0, 0, 0, 0]","25 Oct_Dortmund_vs_FC Koln",,,"2025-12-10 18:56:30"
16231,Bulgaria,germany,germany,"A PFG",Dortmund,"FC Augsburg","31 Oct",0,0-1,1,0,"[37, 0, 0, 0, 0, 0, 0, 0, 0, 0]","[0, 0, 0, 0, 0, 0, 0, 0, 0, 0]","31 Oct_Dortmund_vs_FC Augsburg",,,"2025-12-10 18:56:30"
16232,Bulgaria,germany,germany,"A PFG",Dortmund,"Hamburger SV","8 Nov",0,1-1,1,1,"[64, 0, 0, 0, 0, 0, 0, 0, 0, 0]","[90, 0, 0, 0, 0, 0, 0, 0, 0, 0]","8 Nov_Dortmund_vs_Hamburger SV",,,"2025-12-10 18:56:30"
16233,Bulgaria,germany,germany,"A PFG",Dortmund,Stuttgart,"22 Nov",1,3-3,3,3,"[34, 41, 89, 0, 0, 0, 0, 0, 0, 0]","[47, 71, 90, 0, 0, 0, 0, 0, 0, 0]","22 Nov_Dortmund_vs_Stuttgart",,,"2025-12-10 18:56:30"
16234,Bulgaria,germany,germany,"A PFG",Dortmund,Leverkusen,"29 Nov",0,1-2,2,1,"[41, 65, 0, 0, 0, 0, 0, 0, 0, 0]","[83, 0, 0, 0, 0, 0, 0, 0, 0, 0]","29 Nov_Dortmund_vs_Leverkusen",,,"2025-12-10 18:56:30"
16235,Bulgaria,germany,germany,"A PFG",Dortmund,Hoffenheim,"7 Dec",1,2-0,2,0,"[43, 60, 0, 0, 0, 0, 0, 0, 0, 0]","[0, 0, 0, 0, 0, 0, 0, 0, 0, 0]","7 Dec_Dortmund_vs_Hoffenheim",,,"2025-12-10 18:56:30"
16236,Bulgaria,germany,germany,"A PFG","E. Frankfurt","Werder Bremen","23 Aug",1,4-1,4,1,"[22, 25, 47, 70, 0, 0, 0, 0, 0, 0]","[48, 0, 0, 0, 0, 0, 0, 0, 0, 0]","23 Aug_E. Frankfurt_vs_Werder Bremen",,,"2025-12-10 18:56:30"
16237,Bulgaria,germany,germany,"A PFG","E. Frankfurt",Hoffenheim,"30 Aug",0,1-3,3,1,"[17, 27, 51, 0, 0, 0, 0, 0, 0, 0]","[90, 0, 0, 0, 0, 0, 0, 0, 0, 0]","30 Aug_E. Frankfurt_vs_Hoffenheim",,,"2025-12-10 18:56:30"
16238,Bulgaria,germany,germany,"A PFG","E. Frankfurt",Leverkusen,"12 Sep",0,3-1,1,3,"[52, 0, 0, 0, 0, 0, 0, 0, 0, 0]","[10, 45, 90, 0, 0, 0, 0, 0, 0, 0]","12 Sep_E. Frankfurt_vs_Leverkusen",,,"2025-12-10 18:56:30"
16239,Bulgaria,germany,germany,"A PFG","E. Frankfurt","Union Berlin","21 Sep",1,3-4,3,4,"[45, 80, 87, 0, 0, 0, 0, 0, 0, 0]","[9, 32, 53, 56, 0, 0, 0, 0, 0, 0]","21 Sep_E. Frankfurt_vs_Union Berlin",,,"2025-12-10 18:56:30"
16240,Bulgaria,germany,germany,"A PFG","E. Frankfurt",Monchengladbach,"27 Sep",0,4-6,6,4,"[11, 15, 35, 39, 45, 47, 0, 0, 0, 0]","[72, 78, 83, 90, 0, 0, 0, 0, 0, 0]","27 Sep_E. Frankfurt_vs_Monchengladbach",,,"2025-12-10 18:56:30"
16241,Bulgaria,germany,germany,"A PFG","E. Frankfurt","Bayern Munich","4 Oct",1,0-3,0,3,"[0, 0, 0, 0, 0, 0, 0, 0, 0, 0]","[1, 27, 84, 0, 0, 0, 0, 0, 0, 0]","4 Oct_Bayern Munich_vs_E. Frankfurt",,,"2025-12-10 18:56:30"
16242,Bulgaria,germany,germany,"A PFG","E. Frankfurt",Freiburg,"19 Oct",0,2-2,2,2,"[18, 38, 0, 0, 0, 0, 0, 0, 0, 0]","[2, 87, 0, 0, 0, 0, 0, 0, 0, 0]","19 Oct_E. Frankfurt_vs_Freiburg",,,"2025-12-10 18:56:30"
16243,Bulgaria,germany,germany,"A PFG","E. Frankfurt","Sankt Pauli","25 Oct",1,2-0,2,0,"[35, 55, 0, 0, 0, 0, 0, 0, 0, 0]","[0, 0, 0, 0, 0, 0, 0, 0, 0, 0]","25 Oct_E. Frankfurt_vs_Sankt Pauli",,,"2025-12-10 18:56:30"
16244,Bulgaria,germany,germany,"A PFG","E. Frankfurt",Heidenheim,"1 Nov",0,1-1,1,1,"[55, 0, 0, 0, 0, 0, 0, 0, 0, 0]","[32, 0, 0, 0, 0, 0, 0, 0, 0, 0]","1 Nov_E. Frankfurt_vs_Heidenheim",,,"2025-12-10 18:56:30"
16245,Bulgaria,germany,germany,"A PFG","E. Frankfurt","FSV Mainz","9 Nov",1,1-0,1,0,"[80, 0, 0, 0, 0, 0, 0, 0, 0, 0]","[0, 0, 0, 0, 0, 0, 0, 0, 0, 0]","9 Nov_E. Frankfurt_vs_FSV Mainz",,,"2025-12-10 18:56:30"
16246,Bulgaria,germany,germany,"A PFG","E. Frankfurt","FC Koln","22 Nov",0,3-4,4,3,"[39, 45, 59, 63, 0, 0, 0, 0, 0, 0]","[4, 83, 90, 0, 0, 0, 0, 0, 0, 0]","22 Nov_E. Frankfurt_vs_FC Koln",,,"2025-12-10 18:56:30"
16247,Bulgaria,germany,germany,"A PFG","E. Frankfurt",Wolfsburg,"30 Nov",1,1-1,1,1,"[90, 0, 0, 0, 0, 0, 0, 0, 0, 0]","[67, 0, 0, 0, 0, 0, 0, 0, 0, 0]","30 Nov_E. Frankfurt_vs_Wolfsburg",,,"2025-12-10 18:56:30"
16248,Bulgaria,germany,germany,"A PFG","E. Frankfurt","RB Leipzig","6 Dec",0,6-0,0,6,"[0, 0, 0, 0, 0, 0, 0, 0, 0, 0]","[5, 31, 47, 55, 62, 65, 0, 0, 0, 0]","6 Dec_E. Frankfurt_vs_RB Leipzig",,,"2025-12-10 18:56:30"
16249,Bulgaria,germany,germany,"A PFG","Bayern Munich","RB Leipzig","22 Aug",1,6-0,6,0,"[27, 32, 42, 64, 74, 77, 0, 0, 0, 0]","[0, 0, 0, 0, 0, 0, 0, 0, 0, 0]","22 Aug_Bayern Munich_vs_RB Leipzig",,,"2025-12-10 18:56:30"
16250,Bulgaria,germany,germany,"A PFG","Bayern Munich","FC Augsburg","30 Aug",0,2-3,3,2,"[28, 45, 48, 0, 0, 0, 0, 0, 0, 0]","[53, 76, 0, 0, 0, 0, 0, 0, 0, 0]","30 Aug_Bayern Munich_vs_FC Augsburg",,,"2025-12-10 18:56:30"
16251,Bulgaria,germany,germany,"A PFG","Bayern Munich","Hamburger SV","13 Sep",1,5-0,5,0,"[3, 9, 26, 29, 62, 0, 0, 0, 0, 0]","[0, 0, 0, 0, 0, 0, 0, 0, 0, 0]","13 Sep_Bayern Munich_vs_Hamburger SV",,,"2025-12-10 18:56:30"
16252,Bulgaria,germany,germany,"A PFG","Bayern Munich",Hoffenheim,"20 Sep",0,1-4,4,1,"[44, 48, 77, 90, 0, 0, 0, 0, 0, 0]","[82, 0, 0, 0, 0, 0, 0, 0, 0, 0]","20 Sep_Bayern Munich_vs_Hoffenheim",,,"2025-12-10 18:56:30"
16253,Bulgaria,germany,germany,"A PFG","Bayern Munich","Werder Bremen","26 Sep",1,4-0,4,0,"[22, 45, 65, 87, 0, 0, 0, 0, 0, 0]","[0, 0, 0, 0, 0, 0, 0, 0, 0, 0]","26 Sep_Bayern Munich_vs_Werder Bremen",,,"2025-12-10 18:56:30"
16254,Bulgaria,germany,germany,"A PFG","Bayern Munich","E. Frankfurt","4 Oct",0,0-3,3,0,"[1, 27, 84, 0, 0, 0, 0, 0, 0, 0]","[0, 0, 0, 0, 0, 0, 0, 0, 0, 0]","4 Oct_Bayern Munich_vs_E. Frankfurt",,,"2025-12-10 18:56:30"
16255,Bulgaria,germany,germany,"A PFG","Bayern Munich",Dortmund,"18 Oct",1,2-1,2,1,"[22, 78, 0, 0, 0, 0, 0, 0, 0, 0]","[84, 0, 0, 0, 0, 0, 0, 0, 0, 0]","18 Oct_Bayern Munich_vs_Dortmund",,,"2025-12-10 18:56:30"
16256,Bulgaria,germany,germany,"A PFG","Bayern Munich",Monchengladbach,"25 Oct",0,0-3,3,0,"[64, 69, 80, 0, 0, 0, 0, 0, 0, 0]","[0, 0, 0, 0, 0, 0, 0, 0, 0, 0]","25 Oct_Bayern Munich_vs_Monchengladbach",,,"2025-12-10 18:56:30"
16257,Bulgaria,germany,germany,"A PFG","Bayern Munich",Leverkusen,"1 Nov",1,3-0,3,0,"[25, 31, 43, 0, 0, 0, 0, 0, 0, 0]","[0, 0, 0, 0, 0, 0, 0, 0, 0, 0]","1 Nov_Bayern Munich_vs_Leverkusen",,,"2025-12-10 18:56:30"
16258,Bulgaria,germany,germany,"A PFG","Bayern Munich","Union Berlin","8 Nov",0,2-2,2,2,"[38, 90, 0, 0, 0, 0, 0, 0, 0, 0]","[27, 83, 0, 0, 0, 0, 0, 0, 0, 0]","8 Nov_Bayern Munich_vs_Union Berlin",,,"2025-12-10 18:56:30"
16259,Bulgaria,germany,germany,"A PFG","Bayern Munich",Freiburg,"22 Nov",1,6-2,6,2,"[22, 45, 55, 60, 78, 84, 0, 0, 0, 0]","[12, 17, 0, 0, 0, 0, 0, 0, 0, 0]","22 Nov_Bayern Munich_vs_Freiburg",,,"2025-12-10 18:56:30"
16260,Bulgaria,germany,germany,"A PFG","Bayern Munich","Sankt Pauli","29 Nov",1,3-1,3,1,"[44, 90, 90, 0, 0, 0, 0, 0, 0, 0]","[6, 0, 0, 0, 0, 0, 0, 0, 0, 0]","29 Nov_Bayern Munich_vs_Sankt Pauli",,,"2025-12-10 18:56:30"
16261,Bulgaria,germany,germany,"A PFG","Bayern Munich",Stuttgart,"6 Dec",0,0-5,5,0,"[11, 66, 78, 82, 88, 0, 0, 0, 0, 0]","[0, 0, 0, 0, 0, 0, 0, 0, 0, 0]","6 Dec_Bayern Munich_vs_Stuttgart",,,"2025-12-10 18:56:30"
16262,Bulgaria,germany,germany,"A PFG","FC Augsburg",Freiburg,"23 Aug",0,1-3,3,1,"[32, 42, 45, 0, 0, 0, 0, 0, 0, 0]","[58, 0, 0, 0, 0, 0, 0, 0, 0, 0]","23 Aug_FC Augsburg_vs_Freiburg",,,"2025-12-10 18:56:30"
16263,Bulgaria,germany,germany,"A PFG","FC Augsburg","Bayern Munich","30 Aug",1,2-3,2,3,"[53, 76, 0, 0, 0, 0, 0, 0, 0, 0]","[28, 45, 48, 0, 0, 0, 0, 0, 0, 0]","30 Aug_Bayern Munich_vs_FC Augsburg",,,"2025-12-10 18:56:30"
16264,Bulgaria,germany,germany,"A PFG","FC Augsburg","Sankt Pauli","14 Sep",0,2-1,1,2,"[16, 0, 0, 0, 0, 0, 0, 0, 0, 0]","[45, 77, 0, 0, 0, 0, 0, 0, 0, 0]","14 Sep_FC Augsburg_vs_Sankt Pauli",,,"2025-12-10 18:56:30"
16265,Bulgaria,germany,germany,"A PFG","FC Augsburg","FSV Mainz","20 Sep",1,1-4,1,4,"[83, 0, 0, 0, 0, 0, 0, 0, 0, 0]","[14, 26, 60, 69, 0, 0, 0, 0, 0, 0]","20 Sep_FC Augsburg_vs_FSV Mainz",,,"2025-12-10 18:56:30"
16266,Bulgaria,germany,germany,"A PFG","FC Augsburg",Heidenheim,"27 Sep",0,2-1,1,2,"[90, 0, 0, 0, 0, 0, 0, 0, 0, 0]","[47, 54, 0, 0, 0, 0, 0, 0, 0, 0]","27 Sep_FC Augsburg_vs_Heidenheim",,,"2025-12-10 18:56:30"
16267,Bulgaria,germany,germany,"A PFG","FC Augsburg",Wolfsburg,"4 Oct",1,3-1,3,1,"[3, 51, 63, 0, 0, 0, 0, 0, 0, 0]","[65, 0, 0, 0, 0, 0, 0, 0, 0, 0]","4 Oct_FC Augsburg_vs_Wolfsburg",,,"2025-12-10 18:56:30"
16268,Bulgaria,germany,germany,"A PFG","FC Augsburg","FC Koln","18 Oct",0,1-1,1,1,"[54, 0, 0, 0, 0, 0, 0, 0, 0, 0]","[76, 0, 0, 0, 0, 0, 0, 0, 0, 0]","18 Oct_FC Augsburg_vs_FC Koln",,,"2025-12-10 18:56:30"
16269,Bulgaria,germany,germany,"A PFG","FC Augsburg","RB Leipzig","25 Oct",1,0-6,0,6,"[0, 0, 0, 0, 0, 0, 0, 0, 0, 0]","[10, 18, 22, 38, 56, 65, 0, 0, 0, 0]","25 Oct_FC Augsburg_vs_RB Leipzig",,,"2025-12-10 18:56:30"
16270,Bulgaria,germany,germany,"A PFG","FC Augsburg",Dortmund,"31 Oct",1,0-1,0,1,"[0, 0, 0, 0, 0, 0, 0, 0, 0, 0]","[37, 0, 0, 0, 0, 0, 0, 0, 0, 0]","31 Oct_Dortmund_vs_FC Augsburg",,,"2025-12-10 18:56:30"
16271,Bulgaria,germany,germany,"A PFG","FC Augsburg",Stuttgart,"9 Nov",0,3-2,2,3,"[8, 26, 0, 0, 0, 0, 0, 0, 0, 0]","[18, 38, 80, 0, 0, 0, 0, 0, 0, 0]","9 Nov_FC Augsburg_vs_Stuttgart",,,"2025-12-10 18:56:30"
16272,Bulgaria,germany,germany,"A PFG","FC Augsburg","Hamburger SV","22 Nov",1,1-0,1,0,"[76, 0, 0, 0, 0, 0, 0, 0, 0, 0]","[0, 0, 0, 0, 0, 0, 0, 0, 0, 0]","22 Nov_FC Augsburg_vs_Hamburger SV",,,"2025-12-10 18:56:30"
16273,Bulgaria,germany,germany,"A PFG","FC Augsburg",Hoffenheim,"29 Nov",0,3-0,0,3,"[0, 0, 0, 0, 0, 0, 0, 0, 0, 0]","[16, 26, 45, 0, 0, 0, 0, 0, 0, 0]","29 Nov_FC Augsburg_vs_Hoffenheim",,,"2025-12-10 18:56:30"
16274,Bulgaria,germany,germany,"A PFG","FC Augsburg",Leverkusen,"6 Dec",1,2-0,2,0,"[6, 28, 0, 0, 0, 0, 0, 0, 0, 0]","[0, 0, 0, 0, 0, 0, 0, 0, 0, 0]","6 Dec_FC Augsburg_vs_Leverkusen",,,"2025-12-10 18:56:30"
16275,Bulgaria,germany,germany,"A PFG","FC Koln","FSV Mainz","24 Aug",0,0-1,1,0,"[90, 0, 0, 0, 0, 0, 0, 0, 0, 0]","[0, 0, 0, 0, 0, 0, 0, 0, 0, 0]","24 Aug_FC Koln_vs_FSV Mainz",,,"2025-12-10 18:56:30"
16276,Bulgaria,germany,germany,"A PFG","FC Koln",Freiburg,"31 Aug",1,4-1,4,1,"[35, 47, 56, 81, 0, 0, 0, 0, 0, 0]","[84, 0, 0, 0, 0, 0, 0, 0, 0, 0]","31 Aug_FC Koln_vs_Freiburg",,,"2025-12-10 18:56:30"
16277,Bulgaria,germany,germany,"A PFG","FC Koln",Wolfsburg,"13 Sep",0,3-3,3,3,"[5, 90, 90, 0, 0, 0, 0, 0, 0, 0]","[42, 65, 90, 0, 0, 0, 0, 0, 0, 0]","13 Sep_FC Koln_vs_Wolfsburg",,,"2025-12-10 18:56:30"
16278,Bulgaria,germany,germany,"A PFG","FC Koln","RB Leipzig","20 Sep",0,3-1,1,3,"[23, 0, 0, 0, 0, 0, 0, 0, 0, 0]","[13, 44, 45, 0, 0, 0, 0, 0, 0, 0]","20 Sep_FC Koln_vs_RB Leipzig",,,"2025-12-10 18:56:30"
16279,Bulgaria,germany,germany,"A PFG","FC Koln",Stuttgart,"28 Sep",1,1-2,1,2,"[4, 0, 0, 0, 0, 0, 0, 0, 0, 0]","[28, 81, 0, 0, 0, 0, 0, 0, 0, 0]","28 Sep_FC Koln_vs_Stuttgart",,,"2025-12-10 18:56:30"
16280,Bulgaria,germany,germany,"A PFG","FC Koln",Hoffenheim,"3 Oct",0,0-1,1,0,"[16, 0, 0, 0, 0, 0, 0, 0, 0, 0]","[0, 0, 0, 0, 0, 0, 0, 0, 0, 0]","3 Oct_FC Koln_vs_Hoffenheim",,,"2025-12-10 18:56:30"
16281,Bulgaria,germany,germany,"A PFG","FC Koln","FC Augsburg","18 Oct",1,1-1,1,1,"[76, 0, 0, 0, 0, 0, 0, 0, 0, 0]","[54, 0, 0, 0, 0, 0, 0, 0, 0, 0]","18 Oct_FC Augsburg_vs_FC Koln",,,"2025-12-10 18:56:30"
16282,Bulgaria,germany,germany,"A PFG","FC Koln",Dortmund,"25 Oct",0,1-0,0,1,"[0, 0, 0, 0, 0, 0, 0, 0, 0, 0]","[90, 0, 0, 0, 0, 0, 0, 0, 0, 0]","25 Oct_Dortmund_vs_FC Koln",,,"2025-12-10 18:56:30"
16283,Bulgaria,germany,germany,"A PFG","FC Koln","Hamburger SV","2 Nov",1,4-1,4,1,"[25, 48, 90, 90, 0, 0, 0, 0, 0, 0]","[61, 0, 0, 0, 0, 0, 0, 0, 0, 0]","2 Nov_FC Koln_vs_Hamburger SV",,,"2025-12-10 18:56:30"
16284,Bulgaria,germany,germany,"A PFG","FC Koln",Monchengladbach,"8 Nov",0,3-1,1,3,"[90, 0, 0, 0, 0, 0, 0, 0, 0, 0]","[45, 61, 64, 0, 0, 0, 0, 0, 0, 0]","8 Nov_FC Koln_vs_Monchengladbach",,,"2025-12-10 18:56:30"
16285,Bulgaria,germany,germany,"A PFG","FC Koln","E. Frankfurt","22 Nov",1,3-4,3,4,"[4, 83, 90, 0, 0, 0, 0, 0, 0, 0]","[39, 45, 59, 63, 0, 0, 0, 0, 0, 0]","22 Nov_E. Frankfurt_vs_FC Koln",,,"2025-12-10 18:56:30"
16286,Bulgaria,germany,germany,"A PFG","FC Koln","Werder Bremen","29 Nov",0,1-1,1,1,"[90, 0, 0, 0, 0, 0, 0, 0, 0, 0]","[22, 0, 0, 0, 0, 0, 0, 0, 0, 0]","29 Nov_FC Koln_vs_Werder Bremen",,,"2025-12-10 18:56:30"
16287,Bulgaria,germany,germany,"A PFG","FC Koln","Sankt Pauli","6 Dec",1,1-1,1,1,"[51, 0, 0, 0, 0, 0, 0, 0, 0, 0]","[90, 0, 0, 0, 0, 0, 0, 0, 0, 0]","6 Dec_FC Koln_vs_Sankt Pauli",,,"2025-12-10 18:56:30"
16288,Bulgaria,germany,germany,"A PFG",Freiburg,"FC Augsburg","23 Aug",1,1-3,1,3,"[58, 0, 0, 0, 0, 0, 0, 0, 0, 0]","[32, 42, 45, 0, 0, 0, 0, 0, 0, 0]","23 Aug_FC Augsburg_vs_Freiburg",,,"2025-12-10 18:56:30"
16289,Bulgaria,germany,germany,"A PFG",Freiburg,"FC Koln","31 Aug",0,4-1,1,4,"[84, 0, 0, 0, 0, 0, 0, 0, 0, 0]","[35, 47, 56, 81, 0, 0, 0, 0, 0, 0]","31 Aug_FC Koln_vs_Freiburg",,,"2025-12-10 18:56:30"
16290,Bulgaria,germany,germany,"A PFG",Freiburg,Stuttgart,"13 Sep",1,3-1,3,1,"[81, 86, 90, 0, 0, 0, 0, 0, 0, 0]","[20, 0, 0, 0, 0, 0, 0, 0, 0, 0]","13 Sep_Freiburg_vs_Stuttgart",,,"2025-12-10 18:56:30"
16291,Bulgaria,germany,germany,"A PFG",Freiburg,"Werder Bremen","20 Sep",0,0-3,3,0,"[33, 54, 75, 0, 0, 0, 0, 0, 0, 0]","[0, 0, 0, 0, 0, 0, 0, 0, 0, 0]","20 Sep_Freiburg_vs_Werder Bremen",,,"2025-12-10 18:56:30"
16292,Bulgaria,germany,germany,"A PFG",Freiburg,Hoffenheim,"28 Sep",1,1-1,1,1,"[3, 0, 0, 0, 0, 0, 0, 0, 0, 0]","[13, 0, 0, 0, 0, 0, 0, 0, 0, 0]","28 Sep_Freiburg_vs_Hoffenheim",,,"2025-12-10 18:56:30"
16293,Bulgaria,germany,germany,"A PFG",Freiburg,Monchengladbach,"5 Oct",0,0-0,0,0,"[0, 0, 0, 0, 0, 0, 0, 0, 0, 0]","[0, 0, 0, 0, 0, 0, 0, 0, 0, 0]","5 Oct_Freiburg_vs_Monchengladbach",,,"2025-12-10 18:56:30"
16294,Bulgaria,germany,germany,"A PFG",Freiburg,"E. Frankfurt","19 Oct",1,2-2,2,2,"[2, 87, 0, 0, 0, 0, 0, 0, 0, 0]","[18, 38, 0, 0, 0, 0, 0, 0, 0, 0]","19 Oct_E. Frankfurt_vs_Freiburg",,,"2025-12-10 18:56:30"
16295,Bulgaria,germany,germany,"A PFG",Freiburg,Leverkusen,"26 Oct",0,2-0,0,2,"[0, 0, 0, 0, 0, 0, 0, 0, 0, 0]","[22, 52, 0, 0, 0, 0, 0, 0, 0, 0]","26 Oct_Freiburg_vs_Leverkusen",,,"2025-12-10 18:56:30"
16296,Bulgaria,germany,germany,"A PFG",Freiburg,"Union Berlin","1 Nov",0,0-0,0,0,"[0, 0, 0, 0, 0, 0, 0, 0, 0, 0]","[0, 0, 0, 0, 0, 0, 0, 0, 0, 0]","1 Nov_Freiburg_vs_Union Berlin",,,"2025-12-10 18:56:30"
16297,Bulgaria,germany,germany,"A PFG",Freiburg,"Sankt Pauli","9 Nov",1,2-1,2,1,"[40, 50, 0, 0, 0, 0, 0, 0, 0, 0]","[69, 0, 0, 0, 0, 0, 0, 0, 0, 0]","9 Nov_Freiburg_vs_Sankt Pauli",,,"2025-12-10 18:56:30"
16298,Bulgaria,germany,germany,"A PFG",Freiburg,"Bayern Munich","22 Nov",0,6-2,2,6,"[12, 17, 0, 0, 0, 0, 0, 0, 0, 0]","[22, 45, 55, 60, 78, 84, 0, 0, 0, 0]","22 Nov_Bayern Munich_vs_Freiburg",,,"2025-12-10 18:56:30"
16299,Bulgaria,germany,germany,"A PFG",Freiburg,"FSV Mainz","30 Nov",1,4-0,4,0,"[12, 26, 50, 90, 0, 0, 0, 0, 0, 0]","[0, 0, 0, 0, 0, 0, 0, 0, 0, 0]","30 Nov_FSV Mainz_vs_Freiburg",,,"2025-12-10 18:56:30"
16300,Bulgaria,germany,germany,"A PFG",Freiburg,Heidenheim,"6 Dec",0,2-1,1,2,"[40, 0, 0, 0, 0, 0, 0, 0, 0, 0]","[58, 90, 0, 0, 0, 0, 0, 0, 0, 0]","6 Dec_Freiburg_vs_Heidenheim",,,"2025-12-10 18:56:30"
16301,Bulgaria,germany,germany,"A PFG","Hamburger SV",Monchengladbach,"24 Aug",0,0-0,0,0,"[0, 0, 0, 0, 0, 0, 0, 0, 0, 0]","[0, 0, 0, 0, 0, 0, 0, 0, 0, 0]","24 Aug_Hamburger SV_vs_Monchengladbach",,,"2025-12-10 18:56:30"
16302,Bulgaria,germany,germany,"A PFG","Hamburger SV","Sankt Pauli","29 Aug",1,0-2,0,2,"[0, 0, 0, 0, 0, 0, 0, 0, 0, 0]","[19, 60, 0, 0, 0, 0, 0, 0, 0, 0]","29 Aug_Hamburger SV_vs_Sankt Pauli",,,"2025-12-10 18:56:30"
16303,Bulgaria,germany,germany,"A PFG","Hamburger SV","Bayern Munich","13 Sep",0,5-0,0,5,"[0, 0, 0, 0, 0, 0, 0, 0, 0, 0]","[3, 9, 26, 29, 62, 0, 0, 0, 0, 0]","13 Sep_Bayern Munich_vs_Hamburger SV",,,"2025-12-10 18:56:30"
16304,Bulgaria,germany,germany,"A PFG","Hamburger SV",Heidenheim,"20 Sep",1,2-1,2,1,"[42, 59, 0, 0, 0, 0, 0, 0, 0, 0]","[90, 0, 0, 0, 0, 0, 0, 0, 0, 0]","20 Sep_Hamburger SV_vs_Heidenheim",,,"2025-12-10 18:56:30"
16305,Bulgaria,germany,germany,"A PFG","Hamburger SV","Union Berlin","28 Sep",0,0-0,0,0,"[0, 0, 0, 0, 0, 0, 0, 0, 0, 0]","[0, 0, 0, 0, 0, 0, 0, 0, 0, 0]","28 Sep_Hamburger SV_vs_Union Berlin",,,"2025-12-10 18:56:30"
16306,Bulgaria,germany,germany,"A PFG","Hamburger SV","FSV Mainz","5 Oct",1,4-0,4,0,"[6, 9, 52, 61, 0, 0, 0, 0, 0, 0]","[0, 0, 0, 0, 0, 0, 0, 0, 0, 0]","5 Oct_FSV Mainz_vs_Hamburger SV",,,"2025-12-10 18:56:30"
16307,Bulgaria,germany,germany,"A PFG","Hamburger SV","RB Leipzig","18 Oct",0,2-1,1,2,"[48, 0, 0, 0, 0, 0, 0, 0, 0, 0]","[45, 50, 0, 0, 0, 0, 0, 0, 0, 0]","18 Oct_Hamburger SV_vs_RB Leipzig",,,"2025-12-10 18:56:30"
16308,Bulgaria,germany,germany,"A PFG","Hamburger SV",Wolfsburg,"25 Oct",1,0-1,0,1,"[0, 0, 0, 0, 0, 0, 0, 0, 0, 0]","[15, 0, 0, 0, 0, 0, 0, 0, 0, 0]","25 Oct_Hamburger SV_vs_Wolfsburg",,,"2025-12-10 18:56:30"
16309,Bulgaria,germany,germany,"A PFG","Hamburger SV","FC Koln","2 Nov",0,4-1,1,4,"[61, 0, 0, 0, 0, 0, 0, 0, 0, 0]","[25, 48, 90, 90, 0, 0, 0, 0, 0, 0]","2 Nov_FC Koln_vs_Hamburger SV",,,"2025-12-10 18:56:30"
16310,Bulgaria,germany,germany,"A PFG","Hamburger SV",Dortmund,"8 Nov",1,1-1,1,1,"[90, 0, 0, 0, 0, 0, 0, 0, 0, 0]","[64, 0, 0, 0, 0, 0, 0, 0, 0, 0]","8 Nov_Dortmund_vs_Hamburger SV",,,"2025-12-10 18:56:30"
16311,Bulgaria,germany,germany,"A PFG","Hamburger SV","FC Augsburg","22 Nov",0,1-0,0,1,"[0, 0, 0, 0, 0, 0, 0, 0, 0, 0]","[76, 0, 0, 0, 0, 0, 0, 0, 0, 0]","22 Nov_FC Augsburg_vs_Hamburger SV",,,"2025-12-10 18:56:30"
16312,Bulgaria,germany,germany,"A PFG","Hamburger SV",Stuttgart,"30 Nov",1,2-1,2,1,"[17, 90, 0, 0, 0, 0, 0, 0, 0, 0]","[54, 0, 0, 0, 0, 0, 0, 0, 0, 0]","30 Nov_Hamburger SV_vs_Stuttgart",,,"2025-12-10 18:56:30"
16313,Bulgaria,germany,germany,"A PFG","Hamburger SV","Werder Bremen","7 Dec",1,3-2,3,2,"[63, 75, 84, 0, 0, 0, 0, 0, 0, 0]","[45, 78, 0, 0, 0, 0, 0, 0, 0, 0]","7 Dec_Hamburger SV_vs_Werder Bremen",,,"2025-12-10 18:56:30"
16314,Bulgaria,germany,germany,"A PFG","FSV Mainz","FC Koln","24 Aug",1,0-1,0,1,"[0, 0, 0, 0, 0, 0, 0, 0, 0, 0]","[90, 0, 0, 0, 0, 0, 0, 0, 0, 0]","24 Aug_FC Koln_vs_FSV Mainz",,,"2025-12-10 18:56:30"
16315,Bulgaria,germany,germany,"A PFG","FSV Mainz",Wolfsburg,"31 Aug",0,1-1,1,1,"[89, 0, 0, 0, 0, 0, 0, 0, 0, 0]","[9, 0, 0, 0, 0, 0, 0, 0, 0, 0]","31 Aug_FSV Mainz_vs_Wolfsburg",,,"2025-12-10 18:56:30"
16316,Bulgaria,germany,germany,"A PFG","FSV Mainz","RB Leipzig","13 Sep",1,0-1,0,1,"[0, 0, 0, 0, 0, 0, 0, 0, 0, 0]","[40, 0, 0, 0, 0, 0, 0, 0, 0, 0]","13 Sep_FSV Mainz_vs_RB Leipzig",,,"2025-12-10 18:56:30"
16317,Bulgaria,germany,germany,"A PFG","FSV Mainz","FC Augsburg","20 Sep",0,1-4,4,1,"[14, 26, 60, 69, 0, 0, 0, 0, 0, 0]","[83, 0, 0, 0, 0, 0, 0, 0, 0, 0]","20 Sep_FC Augsburg_vs_FSV Mainz",,,"2025-12-10 18:56:30"
16318,Bulgaria,germany,germany,"A PFG","FSV Mainz",Dortmund,"27 Sep",1,0-2,0,2,"[0, 0, 0, 0, 0, 0, 0, 0, 0, 0]","[27, 40, 0, 0, 0, 0, 0, 0, 0, 0]","27 Sep_Dortmund_vs_FSV Mainz",,,"2025-12-10 18:56:30"
16319,Bulgaria,germany,germany,"A PFG","FSV Mainz","Hamburger SV","5 Oct",0,4-0,0,4,"[0, 0, 0, 0, 0, 0, 0, 0, 0, 0]","[6, 9, 52, 61, 0, 0, 0, 0, 0, 0]","5 Oct_FSV Mainz_vs_Hamburger SV",,,"2025-12-10 18:56:30"
16320,Bulgaria,germany,germany,"A PFG","FSV Mainz",Leverkusen,"18 Oct",1,3-4,3,4,"[34, 71, 90, 0, 0, 0, 0, 0, 0, 0]","[11, 24, 45, 87, 0, 0, 0, 0, 0, 0]","18 Oct_FSV Mainz_vs_Leverkusen",,,"2025-12-10 18:56:30"
16321,Bulgaria,germany,germany,"A PFG","FSV Mainz",Stuttgart,"26 Oct",0,2-1,1,2,"[41, 0, 0, 0, 0, 0, 0, 0, 0, 0]","[45, 79, 0, 0, 0, 0, 0, 0, 0, 0]","26 Oct_FSV Mainz_vs_Stuttgart",,,"2025-12-10 18:56:30"
16322,Bulgaria,germany,germany,"A PFG","FSV Mainz","Werder Bremen","1 Nov",1,1-1,1,1,"[36, 0, 0, 0, 0, 0, 0, 0, 0, 0]","[86, 0, 0, 0, 0, 0, 0, 0, 0, 0]","1 Nov_FSV Mainz_vs_Werder Bremen",,,"2025-12-10 18:56:30"
16323,Bulgaria,germany,germany,"A PFG","FSV Mainz","E. Frankfurt","9 Nov",0,1-0,0,1,"[0, 0, 0, 0, 0, 0, 0, 0, 0, 0]","[80, 0, 0, 0, 0, 0, 0, 0, 0, 0]","9 Nov_E. Frankfurt_vs_FSV Mainz",,,"2025-12-10 18:56:30"
16324,Bulgaria,germany,germany,"A PFG","FSV Mainz",Hoffenheim,"21 Nov",1,1-1,1,1,"[76, 0, 0, 0, 0, 0, 0, 0, 0, 0]","[8, 0, 0, 0, 0, 0, 0, 0, 0, 0]","21 Nov_FSV Mainz_vs_Hoffenheim",,,"2025-12-10 18:56:30"
16325,Bulgaria,germany,germany,"A PFG","FSV Mainz",Freiburg,"30 Nov",0,4-0,0,4,"[0, 0, 0, 0, 0, 0, 0, 0, 0, 0]","[12, 26, 50, 90, 0, 0, 0, 0, 0, 0]","30 Nov_FSV Mainz_vs_Freiburg",,,"2025-12-10 18:56:30"
16326,Bulgaria,germany,germany,"A PFG","FSV Mainz",Monchengladbach,"5 Dec",1,0-1,0,1,"[0, 0, 0, 0, 0, 0, 0, 0, 0, 0]","[58, 0, 0, 0, 0, 0, 0, 0, 0, 0]","5 Dec_FSV Mainz_vs_Monchengladbach",,,"2025-12-10 18:56:30"
16327,Bulgaria,germany,germany,"A PFG",Heidenheim,Wolfsburg,"23 Aug",1,1-3,1,3,"[29, 0, 0, 0, 0, 0, 0, 0, 0, 0]","[20, 66, 87, 0, 0, 0, 0, 0, 0, 0]","23 Aug_Heidenheim_vs_Wolfsburg",,,"2025-12-10 18:56:30"
16328,Bulgaria,germany,germany,"A PFG",Heidenheim,"RB Leipzig","30 Aug",0,2-0,0,2,"[0, 0, 0, 0, 0, 0, 0, 0, 0, 0]","[48, 78, 0, 0, 0, 0, 0, 0, 0, 0]","30 Aug_Heidenheim_vs_RB Leipzig",,,"2025-12-10 18:56:30"
16329,Bulgaria,germany,germany,"A PFG",Heidenheim,Dortmund,"13 Sep",1,0-2,0,2,"[0, 0, 0, 0, 0, 0, 0, 0, 0, 0]","[33, 45, 0, 0, 0, 0, 0, 0, 0, 0]","13 Sep_Dortmund_vs_Heidenheim",,,"2025-12-10 18:56:30"
16330,Bulgaria,germany,germany,"A PFG",Heidenheim,"Hamburger SV","20 Sep",0,2-1,1,2,"[90, 0, 0, 0, 0, 0, 0, 0, 0, 0]","[42, 59, 0, 0, 0, 0, 0, 0, 0, 0]","20 Sep_Hamburger SV_vs_Heidenheim",,,"2025-12-10 18:56:30"
16331,Bulgaria,germany,germany,"A PFG",Heidenheim,"FC Augsburg","27 Sep",1,2-1,2,1,"[47, 54, 0, 0, 0, 0, 0, 0, 0, 0]","[90, 0, 0, 0, 0, 0, 0, 0, 0, 0]","27 Sep_FC Augsburg_vs_Heidenheim",,,"2025-12-10 18:56:30"
16332,Bulgaria,germany,germany,"A PFG",Heidenheim,Stuttgart,"5 Oct",0,1-0,0,1,"[0, 0, 0, 0, 0, 0, 0, 0, 0, 0]","[65, 0, 0, 0, 0, 0, 0, 0, 0, 0]","5 Oct_Heidenheim_vs_Stuttgart",,,"2025-12-10 18:56:30"
16333,Bulgaria,germany,germany,"A PFG",Heidenheim,"Werder Bremen","18 Oct",1,2-2,2,2,"[67, 83, 0, 0, 0, 0, 0, 0, 0, 0]","[50, 69, 0, 0, 0, 0, 0, 0, 0, 0]","18 Oct_Heidenheim_vs_Werder Bremen",,,"2025-12-10 18:56:30"
16334,Bulgaria,germany,germany,"A PFG",Heidenheim,Hoffenheim,"25 Oct",0,3-1,1,3,"[75, 0, 0, 0, 0, 0, 0, 0, 0, 0]","[18, 45, 63, 0, 0, 0, 0, 0, 0, 0]","25 Oct_Heidenheim_vs_Hoffenheim",,,"2025-12-10 18:56:30"
16335,Bulgaria,germany,germany,"A PFG",Heidenheim,"E. Frankfurt","1 Nov",1,1-1,1,1,"[32, 0, 0, 0, 0, 0, 0, 0, 0, 0]","[55, 0, 0, 0, 0, 0, 0, 0, 0, 0]","1 Nov_E. Frankfurt_vs_Heidenheim",,,"2025-12-10 18:56:30"
16336,Bulgaria,germany,germany,"A PFG",Heidenheim,Leverkusen,"8 Nov",0,6-0,0,6,"[0, 0, 0, 0, 0, 0, 0, 0, 0, 0]","[2, 16, 22, 27, 45, 53, 0, 0, 0, 0]","8 Nov_Heidenheim_vs_Leverkusen",,,"2025-12-10 18:56:30"
16337,Bulgaria,germany,germany,"A PFG",Heidenheim,Monchengladbach,"22 Nov",1,0-3,0,3,"[0, 0, 0, 0, 0, 0, 0, 0, 0, 0]","[45, 55, 76, 0, 0, 0, 0, 0, 0, 0]","22 Nov_Heidenheim_vs_Monchengladbach",,,"2025-12-10 18:56:30"
16338,Bulgaria,germany,germany,"A PFG",Heidenheim,"Union Berlin","29 Nov",0,1-2,2,1,"[90, 90, 0, 0, 0, 0, 0, 0, 0, 0]","[43, 0, 0, 0, 0, 0, 0, 0, 0, 0]","29 Nov_Heidenheim_vs_Union Berlin",,,"2025-12-10 18:56:30"
16339,Bulgaria,germany,germany,"A PFG",Heidenheim,Freiburg,"6 Dec",1,2-1,2,1,"[58, 90, 0, 0, 0, 0, 0, 0, 0, 0]","[40, 0, 0, 0, 0, 0, 0, 0, 0, 0]","6 Dec_Freiburg_vs_Heidenheim",,,"2025-12-10 18:56:30"
16340,Bulgaria,germany,germany,"A PFG",Leverkusen,Hoffenheim,"23 Aug",1,1-2,1,2,"[6, 0, 0, 0, 0, 0, 0, 0, 0, 0]","[25, 52, 0, 0, 0, 0, 0, 0, 0, 0]","23 Aug_Hoffenheim_vs_Leverkusen",,,"2025-12-10 18:56:30"
16341,Bulgaria,germany,germany,"A PFG",Leverkusen,"Werder Bremen","30 Aug",0,3-3,3,3,"[5, 35, 64, 0, 0, 0, 0, 0, 0, 0]","[44, 76, 90, 0, 0, 0, 0, 0, 0, 0]","30 Aug_Leverkusen_vs_Werder Bremen",,,"2025-12-10 18:56:30"
16342,Bulgaria,germany,germany,"A PFG",Leverkusen,"E. Frankfurt","12 Sep",1,3-1,3,1,"[10, 45, 90, 0, 0, 0, 0, 0, 0, 0]","[52, 0, 0, 0, 0, 0, 0, 0, 0, 0]","12 Sep_E. Frankfurt_vs_Leverkusen",,,"2025-12-10 18:56:30"
16343,Bulgaria,germany,germany,"A PFG",Leverkusen,Monchengladbach,"21 Sep",1,1-1,1,1,"[70, 0, 0, 0, 0, 0, 0, 0, 0, 0]","[90, 0, 0, 0, 0, 0, 0, 0, 0, 0]","21 Sep_Leverkusen_vs_Monchengladbach",,,"2025-12-10 18:56:30"
16344,Bulgaria,germany,germany,"A PFG",Leverkusen,"Sankt Pauli","27 Sep",0,1-2,2,1,"[25, 58, 0, 0, 0, 0, 0, 0, 0, 0]","[32, 0, 0, 0, 0, 0, 0, 0, 0, 0]","27 Sep_Leverkusen_vs_Sankt Pauli",,,"2025-12-10 18:56:30"
16345,Bulgaria,germany,germany,"A PFG",Leverkusen,"Union Berlin","4 Oct",1,2-0,2,0,"[33, 49, 0, 0, 0, 0, 0, 0, 0, 0]","[0, 0, 0, 0, 0, 0, 0, 0, 0, 0]","4 Oct_Leverkusen_vs_Union Berlin",,,"2025-12-10 18:56:30"
16346,Bulgaria,germany,germany,"A PFG",Leverkusen,"FSV Mainz","18 Oct",0,3-4,4,3,"[11, 24, 45, 87, 0, 0, 0, 0, 0, 0]","[34, 71, 90, 0, 0, 0, 0, 0, 0, 0]","18 Oct_FSV Mainz_vs_Leverkusen",,,"2025-12-10 18:56:30"
16347,Bulgaria,germany,germany,"A PFG",Leverkusen,Freiburg,"26 Oct",1,2-0,2,0,"[22, 52, 0, 0, 0, 0, 0, 0, 0, 0]","[0, 0, 0, 0, 0, 0, 0, 0, 0, 0]","26 Oct_Freiburg_vs_Leverkusen",,,"2025-12-10 18:56:30"
16348,Bulgaria,germany,germany,"A PFG",Leverkusen,"Bayern Munich","1 Nov",0,3-0,0,3,"[0, 0, 0, 0, 0, 0, 0, 0, 0, 0]","[25, 31, 43, 0, 0, 0, 0, 0, 0, 0]","1 Nov_Bayern Munich_vs_Leverkusen",,,"2025-12-10 18:56:30"
16349,Bulgaria,germany,germany,"A PFG",Leverkusen,Heidenheim,"8 Nov",1,6-0,6,0,"[2, 16, 22, 27, 45, 53, 0, 0, 0, 0]","[0, 0, 0, 0, 0, 0, 0, 0, 0, 0]","8 Nov_Heidenheim_vs_Leverkusen",,,"2025-12-10 18:56:30"
16350,Bulgaria,germany,germany,"A PFG",Leverkusen,Wolfsburg,"22 Nov",0,1-3,3,1,"[9, 24, 33, 0, 0, 0, 0, 0, 0, 0]","[57, 0, 0, 0, 0, 0, 0, 0, 0, 0]","22 Nov_Leverkusen_vs_Wolfsburg",,,"2025-12-10 18:56:30"
16351,Bulgaria,germany,germany,"A PFG",Leverkusen,Dortmund,"29 Nov",1,1-2,1,2,"[83, 0, 0, 0, 0, 0, 0, 0, 0, 0]","[41, 65, 0, 0, 0, 0, 0, 0, 0, 0]","29 Nov_Dortmund_vs_Leverkusen",,,"2025-12-10 18:56:30"
16352,Bulgaria,germany,germany,"A PFG",Leverkusen,"FC Augsburg","6 Dec",0,2-0,0,2,"[0, 0, 0, 0, 0, 0, 0, 0, 0, 0]","[6, 28, 0, 0, 0, 0, 0, 0, 0, 0]","6 Dec_FC Augsburg_vs_Leverkusen",,,"2025-12-10 18:56:30"
16353,Bulgaria,germany,germany,"A PFG",Monchengladbach,"Hamburger SV","24 Aug",1,0-0,0,0,"[0, 0, 0, 0, 0, 0, 0, 0, 0, 0]","[0, 0, 0, 0, 0, 0, 0, 0, 0, 0]","24 Aug_Hamburger SV_vs_Monchengladbach",,,"2025-12-10 18:56:30"
16354,Bulgaria,germany,germany,"A PFG",Monchengladbach,Stuttgart,"30 Aug",0,1-0,0,1,"[0, 0, 0, 0, 0, 0, 0, 0, 0, 0]","[79, 0, 0, 0, 0, 0, 0, 0, 0, 0]","30 Aug_Monchengladbach_vs_Stuttgart",,,"2025-12-10 18:56:30"
16355,Bulgaria,germany,germany,"A PFG",Monchengladbach,"Werder Bremen","14 Sep",1,0-4,0,4,"[0, 0, 0, 0, 0, 0, 0, 0, 0, 0]","[15, 26, 74, 81, 0, 0, 0, 0, 0, 0]","14 Sep_Monchengladbach_vs_Werder Bremen",,,"2025-12-10 18:56:30"
16356,Bulgaria,germany,germany,"A PFG",Monchengladbach,Leverkusen,"21 Sep",0,1-1,1,1,"[90, 0, 0, 0, 0, 0, 0, 0, 0, 0]","[70, 0, 0, 0, 0, 0, 0, 0, 0, 0]","21 Sep_Leverkusen_vs_Monchengladbach",,,"2025-12-10 18:56:30"
16357,Bulgaria,germany,germany,"A PFG",Monchengladbach,"E. Frankfurt","27 Sep",1,4-6,4,6,"[72, 78, 83, 90, 0, 0, 0, 0, 0, 0]","[11, 15, 35, 39, 45, 47, 0, 0, 0, 0]","27 Sep_E. Frankfurt_vs_Monchengladbach",,,"2025-12-10 18:56:30"
16358,Bulgaria,germany,germany,"A PFG",Monchengladbach,Freiburg,"5 Oct",1,0-0,0,0,"[0, 0, 0, 0, 0, 0, 0, 0, 0, 0]","[0, 0, 0, 0, 0, 0, 0, 0, 0, 0]","5 Oct_Freiburg_vs_Monchengladbach",,,"2025-12-10 18:56:30"
16359,Bulgaria,germany,germany,"A PFG",Monchengladbach,"Union Berlin","17 Oct",0,3-1,1,3,"[33, 0, 0, 0, 0, 0, 0, 0, 0, 0]","[3, 26, 81, 0, 0, 0, 0, 0, 0, 0]","17 Oct_Monchengladbach_vs_Union Berlin",,,"2025-12-10 18:56:30"
16360,Bulgaria,germany,germany,"A PFG",Monchengladbach,"Bayern Munich","25 Oct",1,0-3,0,3,"[0, 0, 0, 0, 0, 0, 0, 0, 0, 0]","[64, 69, 80, 0, 0, 0, 0, 0, 0, 0]","25 Oct_Bayern Munich_vs_Monchengladbach",,,"2025-12-10 18:56:30"
16361,Bulgaria,germany,germany,"A PFG",Monchengladbach,"Sankt Pauli","1 Nov",0,0-4,4,0,"[15, 40, 75, 80, 0, 0, 0, 0, 0, 0]","[0, 0, 0, 0, 0, 0, 0, 0, 0, 0]","1 Nov_Monchengladbach_vs_Sankt Pauli",,,"2025-12-10 18:56:30"
16362,Bulgaria,germany,germany,"A PFG",Monchengladbach,"FC Koln","8 Nov",1,3-1,3,1,"[45, 61, 64, 0, 0, 0, 0, 0, 0, 0]","[90, 0, 0, 0, 0, 0, 0, 0, 0, 0]","8 Nov_FC Koln_vs_Monchengladbach",,,"2025-12-10 18:56:30"
16363,Bulgaria,germany,germany,"A PFG",Monchengladbach,Heidenheim,"22 Nov",0,0-3,3,0,"[45, 55, 76, 0, 0, 0, 0, 0, 0, 0]","[0, 0, 0, 0, 0, 0, 0, 0, 0, 0]","22 Nov_Heidenheim_vs_Monchengladbach",,,"2025-12-10 18:56:30"
16364,Bulgaria,germany,germany,"A PFG",Monchengladbach,"RB Leipzig","28 Nov",1,0-0,0,0,"[0, 0, 0, 0, 0, 0, 0, 0, 0, 0]","[0, 0, 0, 0, 0, 0, 0, 0, 0, 0]","28 Nov_Monchengladbach_vs_RB Leipzig",,,"2025-12-10 18:56:30"
16365,Bulgaria,germany,germany,"A PFG",Monchengladbach,"FSV Mainz","5 Dec",0,0-1,1,0,"[58, 0, 0, 0, 0, 0, 0, 0, 0, 0]","[0, 0, 0, 0, 0, 0, 0, 0, 0, 0]","5 Dec_FSV Mainz_vs_Monchengladbach",,,"2025-12-10 18:56:30"
16366,Bulgaria,germany,germany,"A PFG",Hoffenheim,Leverkusen,"23 Aug",0,1-2,2,1,"[25, 52, 0, 0, 0, 0, 0, 0, 0, 0]","[6, 0, 0, 0, 0, 0, 0, 0, 0, 0]","23 Aug_Hoffenheim_vs_Leverkusen",,,"2025-12-10 18:56:30"
16367,Bulgaria,germany,germany,"A PFG",Hoffenheim,"E. Frankfurt","30 Aug",1,1-3,1,3,"[90, 0, 0, 0, 0, 0, 0, 0, 0, 0]","[17, 27, 51, 0, 0, 0, 0, 0, 0, 0]","30 Aug_E. Frankfurt_vs_Hoffenheim",,,"2025-12-10 18:56:30"
16368,Bulgaria,germany,germany,"A PFG",Hoffenheim,"Union Berlin","13 Sep",0,2-4,4,2,"[45, 45, 51, 83, 0, 0, 0, 0, 0, 0]","[49, 71, 0, 0, 0, 0, 0, 0, 0, 0]","13 Sep_Hoffenheim_vs_Union Berlin",,,"2025-12-10 18:56:30"
16369,Bulgaria,germany,germany,"A PFG",Hoffenheim,"Bayern Munich","20 Sep",1,1-4,1,4,"[82, 0, 0, 0, 0, 0, 0, 0, 0, 0]","[44, 48, 77, 90, 0, 0, 0, 0, 0, 0]","20 Sep_Bayern Munich_vs_Hoffenheim",,,"2025-12-10 18:56:30"
16370,Bulgaria,germany,germany,"A PFG",Hoffenheim,Freiburg,"28 Sep",0,1-1,1,1,"[13, 0, 0, 0, 0, 0, 0, 0, 0, 0]","[3, 0, 0, 0, 0, 0, 0, 0, 0, 0]","28 Sep_Freiburg_vs_Hoffenheim",,,"2025-12-10 18:56:30"
16371,Bulgaria,germany,germany,"A PFG",Hoffenheim,"FC Koln","3 Oct",1,0-1,0,1,"[0, 0, 0, 0, 0, 0, 0, 0, 0, 0]","[16, 0, 0, 0, 0, 0, 0, 0, 0, 0]","3 Oct_FC Koln_vs_Hoffenheim",,,"2025-12-10 18:56:30"
16372,Bulgaria,germany,germany,"A PFG",Hoffenheim,"Sankt Pauli","19 Oct",0,0-3,3,0,"[54, 59, 79, 0, 0, 0, 0, 0, 0, 0]","[0, 0, 0, 0, 0, 0, 0, 0, 0, 0]","19 Oct_Hoffenheim_vs_Sankt Pauli",,,"2025-12-10 18:56:30"
16373,Bulgaria,germany,germany,"A PFG",Hoffenheim,Heidenheim,"25 Oct",1,3-1,3,1,"[18, 45, 63, 0, 0, 0, 0, 0, 0, 0]","[75, 0, 0, 0, 0, 0, 0, 0, 0, 0]","25 Oct_Heidenheim_vs_Hoffenheim",,,"2025-12-10 18:56:30"
16374,Bulgaria,germany,germany,"A PFG",Hoffenheim,Wolfsburg,"2 Nov",0,2-3,3,2,"[31, 50, 62, 0, 0, 0, 0, 0, 0, 0]","[14, 56, 0, 0, 0, 0, 0, 0, 0, 0]","2 Nov_Hoffenheim_vs_Wolfsburg",,,"2025-12-10 18:56:30"
16375,Bulgaria,germany,germany,"A PFG",Hoffenheim,"RB Leipzig","8 Nov",1,3-1,3,1,"[20, 38, 79, 0, 0, 0, 0, 0, 0, 0]","[9, 0, 0, 0, 0, 0, 0, 0, 0, 0]","8 Nov_Hoffenheim_vs_RB Leipzig",,,"2025-12-10 18:56:30"
16376,Bulgaria,germany,germany,"A PFG",Hoffenheim,"FSV Mainz","21 Nov",0,1-1,1,1,"[8, 0, 0, 0, 0, 0, 0, 0, 0, 0]","[76, 0, 0, 0, 0, 0, 0, 0, 0, 0]","21 Nov_FSV Mainz_vs_Hoffenheim",,,"2025-12-10 18:56:30"
16377,Bulgaria,germany,germany,"A PFG",Hoffenheim,"FC Augsburg","29 Nov",1,3-0,3,0,"[16, 26, 45, 0, 0, 0, 0, 0, 0, 0]","[0, 0, 0, 0, 0, 0, 0, 0, 0, 0]","29 Nov_FC Augsburg_vs_Hoffenheim",,,"2025-12-10 18:56:30"
16378,Bulgaria,germany,germany,"A PFG",Hoffenheim,Dortmund,"7 Dec",0,2-0,0,2,"[0, 0, 0, 0, 0, 0, 0, 0, 0, 0]","[43, 60, 0, 0, 0, 0, 0, 0, 0, 0]","7 Dec_Dortmund_vs_Hoffenheim",,,"2025-12-10 18:56:30"
16379,Bulgaria,germany,germany,"A PFG","RB Leipzig","Bayern Munich","22 Aug",0,6-0,0,6,"[0, 0, 0, 0, 0, 0, 0, 0, 0, 0]","[27, 32, 42, 64, 74, 77, 0, 0, 0, 0]","22 Aug_Bayern Munich_vs_RB Leipzig",,,"2025-12-10 18:56:30"
16380,Bulgaria,germany,germany,"A PFG","RB Leipzig",Heidenheim,"30 Aug",1,2-0,2,0,"[48, 78, 0, 0, 0, 0, 0, 0, 0, 0]","[0, 0, 0, 0, 0, 0, 0, 0, 0, 0]","30 Aug_Heidenheim_vs_RB Leipzig",,,"2025-12-10 18:56:30"
16381,Bulgaria,germany,germany,"A PFG","RB Leipzig","FSV Mainz","13 Sep",0,0-1,1,0,"[40, 0, 0, 0, 0, 0, 0, 0, 0, 0]","[0, 0, 0, 0, 0, 0, 0, 0, 0, 0]","13 Sep_FSV Mainz_vs_RB Leipzig",,,"2025-12-10 18:56:30"
16382,Bulgaria,germany,germany,"A PFG","RB Leipzig","FC Koln","20 Sep",1,3-1,3,1,"[13, 44, 45, 0, 0, 0, 0, 0, 0, 0]","[23, 0, 0, 0, 0, 0, 0, 0, 0, 0]","20 Sep_FC Koln_vs_RB Leipzig",,,"2025-12-10 18:56:30"
16383,Bulgaria,germany,germany,"A PFG","RB Leipzig",Wolfsburg,"27 Sep",0,0-1,1,0,"[8, 0, 0, 0, 0, 0, 0, 0, 0, 0]","[0, 0, 0, 0, 0, 0, 0, 0, 0, 0]","27 Sep_RB Leipzig_vs_Wolfsburg",,,"2025-12-10 18:56:30"
16384,Bulgaria,germany,germany,"A PFG","RB Leipzig",Dortmund,"4 Oct",0,1-1,1,1,"[7, 0, 0, 0, 0, 0, 0, 0, 0, 0]","[23, 0, 0, 0, 0, 0, 0, 0, 0, 0]","4 Oct_Dortmund_vs_RB Leipzig",,,"2025-12-10 18:56:30"
16385,Bulgaria,germany,germany,"A PFG","RB Leipzig","Hamburger SV","18 Oct",1,2-1,2,1,"[45, 50, 0, 0, 0, 0, 0, 0, 0, 0]","[48, 0, 0, 0, 0, 0, 0, 0, 0, 0]","18 Oct_Hamburger SV_vs_RB Leipzig",,,"2025-12-10 18:56:30"
16386,Bulgaria,germany,germany,"A PFG","RB Leipzig","FC Augsburg","25 Oct",0,0-6,6,0,"[10, 18, 22, 38, 56, 65, 0, 0, 0, 0]","[0, 0, 0, 0, 0, 0, 0, 0, 0, 0]","25 Oct_FC Augsburg_vs_RB Leipzig",,,"2025-12-10 18:56:30"
16387,Bulgaria,germany,germany,"A PFG","RB Leipzig",Stuttgart,"1 Nov",1,3-1,3,1,"[45, 53, 90, 0, 0, 0, 0, 0, 0, 0]","[65, 0, 0, 0, 0, 0, 0, 0, 0, 0]","1 Nov_RB Leipzig_vs_Stuttgart",,,"2025-12-10 18:56:30"
16388,Bulgaria,germany,germany,"A PFG","RB Leipzig",Hoffenheim,"8 Nov",0,3-1,1,3,"[9, 0, 0, 0, 0, 0, 0, 0, 0, 0]","[20, 38, 79, 0, 0, 0, 0, 0, 0, 0]","8 Nov_Hoffenheim_vs_RB Leipzig",,,"2025-12-10 18:56:30"
16389,Bulgaria,germany,germany,"A PFG","RB Leipzig","Werder Bremen","23 Nov",1,2-0,2,0,"[63, 80, 0, 0, 0, 0, 0, 0, 0, 0]","[0, 0, 0, 0, 0, 0, 0, 0, 0, 0]","23 Nov_RB Leipzig_vs_Werder Bremen",,,"2025-12-10 18:56:30"
16390,Bulgaria,germany,germany,"A PFG","RB Leipzig",Monchengladbach,"28 Nov",0,0-0,0,0,"[0, 0, 0, 0, 0, 0, 0, 0, 0, 0]","[0, 0, 0, 0, 0, 0, 0, 0, 0, 0]","28 Nov_Monchengladbach_vs_RB Leipzig",,,"2025-12-10 18:56:30"
16391,Bulgaria,germany,germany,"A PFG","RB Leipzig","E. Frankfurt","6 Dec",1,6-0,6,0,"[5, 31, 47, 55, 62, 65, 0, 0, 0, 0]","[0, 0, 0, 0, 0, 0, 0, 0, 0, 0]","6 Dec_E. Frankfurt_vs_RB Leipzig",,,"2025-12-10 18:56:30"
16392,Bulgaria,germany,germany,"A PFG","Sankt Pauli",Dortmund,"23 Aug",1,3-3,3,3,"[50, 86, 89, 0, 0, 0, 0, 0, 0, 0]","[34, 67, 74, 0, 0, 0, 0, 0, 0, 0]","23 Aug_Dortmund_vs_Sankt Pauli",,,"2025-12-10 18:56:30"
16393,Bulgaria,germany,germany,"A PFG","Sankt Pauli","Hamburger SV","29 Aug",0,0-2,2,0,"[19, 60, 0, 0, 0, 0, 0, 0, 0, 0]","[0, 0, 0, 0, 0, 0, 0, 0, 0, 0]","29 Aug_Hamburger SV_vs_Sankt Pauli",,,"2025-12-10 18:56:30"
16394,Bulgaria,germany,germany,"A PFG","Sankt Pauli","FC Augsburg","14 Sep",1,2-1,2,1,"[45, 77, 0, 0, 0, 0, 0, 0, 0, 0]","[16, 0, 0, 0, 0, 0, 0, 0, 0, 0]","14 Sep_FC Augsburg_vs_Sankt Pauli",,,"2025-12-10 18:56:30"
16395,Bulgaria,germany,germany,"A PFG","Sankt Pauli",Stuttgart,"19 Sep",0,2-0,0,2,"[0, 0, 0, 0, 0, 0, 0, 0, 0, 0]","[43, 50, 0, 0, 0, 0, 0, 0, 0, 0]","19 Sep_Sankt Pauli_vs_Stuttgart",,,"2025-12-10 18:56:30"
16396,Bulgaria,germany,germany,"A PFG","Sankt Pauli",Leverkusen,"27 Sep",1,1-2,1,2,"[32, 0, 0, 0, 0, 0, 0, 0, 0, 0]","[25, 58, 0, 0, 0, 0, 0, 0, 0, 0]","27 Sep_Leverkusen_vs_Sankt Pauli",,,"2025-12-10 18:56:30"
16397,Bulgaria,germany,germany,"A PFG","Sankt Pauli","Werder Bremen","4 Oct",0,1-0,0,1,"[0, 0, 0, 0, 0, 0, 0, 0, 0, 0]","[2, 0, 0, 0, 0, 0, 0, 0, 0, 0]","4 Oct_Sankt Pauli_vs_Werder Bremen",,,"2025-12-10 18:56:30"
16398,Bulgaria,germany,germany,"A PFG","Sankt Pauli",Hoffenheim,"19 Oct",1,0-3,0,3,"[0, 0, 0, 0, 0, 0, 0, 0, 0, 0]","[54, 59, 79, 0, 0, 0, 0, 0, 0, 0]","19 Oct_Hoffenheim_vs_Sankt Pauli",,,"2025-12-10 18:56:30"
16399,Bulgaria,germany,germany,"A PFG","Sankt Pauli","E. Frankfurt","25 Oct",0,2-0,0,2,"[0, 0, 0, 0, 0, 0, 0, 0, 0, 0]","[35, 55, 0, 0, 0, 0, 0, 0, 0, 0]","25 Oct_E. Frankfurt_vs_Sankt Pauli",,,"2025-12-10 18:56:30"
16400,Bulgaria,germany,germany,"A PFG","Sankt Pauli",Monchengladbach,"1 Nov",1,0-4,0,4,"[0, 0, 0, 0, 0, 0, 0, 0, 0, 0]","[15, 40, 75, 80, 0, 0, 0, 0, 0, 0]","1 Nov_Monchengladbach_vs_Sankt Pauli",,,"2025-12-10 18:56:30"
16401,Bulgaria,germany,germany,"A PFG","Sankt Pauli",Freiburg,"9 Nov",0,2-1,1,2,"[69, 0, 0, 0, 0, 0, 0, 0, 0, 0]","[40, 50, 0, 0, 0, 0, 0, 0, 0, 0]","9 Nov_Freiburg_vs_Sankt Pauli",,,"2025-12-10 18:56:30"
16402,Bulgaria,germany,germany,"A PFG","Sankt Pauli","Union Berlin","23 Nov",1,0-1,0,1,"[0, 0, 0, 0, 0, 0, 0, 0, 0, 0]","[44, 0, 0, 0, 0, 0, 0, 0, 0, 0]","23 Nov_Sankt Pauli_vs_Union Berlin",,,"2025-12-10 18:56:30"
16403,Bulgaria,germany,germany,"A PFG","Sankt Pauli","Bayern Munich","29 Nov",0,3-1,1,3,"[6, 0, 0, 0, 0, 0, 0, 0, 0, 0]","[44, 90, 90, 0, 0, 0, 0, 0, 0, 0]","29 Nov_Bayern Munich_vs_Sankt Pauli",,,"2025-12-10 18:56:30"
16404,Bulgaria,germany,germany,"A PFG","Sankt Pauli","FC Koln","6 Dec",0,1-1,1,1,"[90, 0, 0, 0, 0, 0, 0, 0, 0, 0]","[51, 0, 0, 0, 0, 0, 0, 0, 0, 0]","6 Dec_FC Koln_vs_Sankt Pauli",,,"2025-12-10 18:56:30"
16405,Bulgaria,germany,germany,"A PFG",Stuttgart,"Union Berlin","23 Aug",0,2-1,1,2,"[86, 0, 0, 0, 0, 0, 0, 0, 0, 0]","[18, 45, 0, 0, 0, 0, 0, 0, 0, 0]","23 Aug_Stuttgart_vs_Union Berlin",,,"2025-12-10 18:56:30"
16406,Bulgaria,germany,germany,"A PFG",Stuttgart,Monchengladbach,"30 Aug",1,1-0,1,0,"[79, 0, 0, 0, 0, 0, 0, 0, 0, 0]","[0, 0, 0, 0, 0, 0, 0, 0, 0, 0]","30 Aug_Monchengladbach_vs_Stuttgart",,,"2025-12-10 18:56:30"
16407,Bulgaria,germany,germany,"A PFG",Stuttgart,Freiburg,"13 Sep",0,3-1,1,3,"[20, 0, 0, 0, 0, 0, 0, 0, 0, 0]","[81, 86, 90, 0, 0, 0, 0, 0, 0, 0]","13 Sep_Freiburg_vs_Stuttgart",,,"2025-12-10 18:56:30"
16408,Bulgaria,germany,germany,"A PFG",Stuttgart,"Sankt Pauli","19 Sep",1,2-0,2,0,"[43, 50, 0, 0, 0, 0, 0, 0, 0, 0]","[0, 0, 0, 0, 0, 0, 0, 0, 0, 0]","19 Sep_Sankt Pauli_vs_Stuttgart",,,"2025-12-10 18:56:30"
16409,Bulgaria,germany,germany,"A PFG",Stuttgart,"FC Koln","28 Sep",0,1-2,2,1,"[28, 81, 0, 0, 0, 0, 0, 0, 0, 0]","[4, 0, 0, 0, 0, 0, 0, 0, 0, 0]","28 Sep_FC Koln_vs_Stuttgart",,,"2025-12-10 18:56:30"
16410,Bulgaria,germany,germany,"A PFG",Stuttgart,Heidenheim,"5 Oct",1,1-0,1,0,"[65, 0, 0, 0, 0, 0, 0, 0, 0, 0]","[0, 0, 0, 0, 0, 0, 0, 0, 0, 0]","5 Oct_Heidenheim_vs_Stuttgart",,,"2025-12-10 18:56:30"
16411,Bulgaria,germany,germany,"A PFG",Stuttgart,Wolfsburg,"18 Oct",0,0-3,3,0,"[35, 55, 80, 0, 0, 0, 0, 0, 0, 0]","[0, 0, 0, 0, 0, 0, 0, 0, 0, 0]","18 Oct_Stuttgart_vs_Wolfsburg",,,"2025-12-10 18:56:30"
16412,Bulgaria,germany,germany,"A PFG",Stuttgart,"FSV Mainz","26 Oct",1,2-1,2,1,"[45, 79, 0, 0, 0, 0, 0, 0, 0, 0]","[41, 0, 0, 0, 0, 0, 0, 0, 0, 0]","26 Oct_FSV Mainz_vs_Stuttgart",,,"2025-12-10 18:56:30"
16413,Bulgaria,germany,germany,"A PFG",Stuttgart,"RB Leipzig","1 Nov",0,3-1,1,3,"[65, 0, 0, 0, 0, 0, 0, 0, 0, 0]","[45, 53, 90, 0, 0, 0, 0, 0, 0, 0]","1 Nov_RB Leipzig_vs_Stuttgart",,,"2025-12-10 18:56:30"
16414,Bulgaria,germany,germany,"A PFG",Stuttgart,"FC Augsburg","9 Nov",1,3-2,3,2,"[18, 38, 80, 0, 0, 0, 0, 0, 0, 0]","[8, 26, 0, 0, 0, 0, 0, 0, 0, 0]","9 Nov_FC Augsburg_vs_Stuttgart",,,"2025-12-10 18:56:30"
16415,Bulgaria,germany,germany,"A PFG",Stuttgart,Dortmund,"22 Nov",0,3-3,3,3,"[47, 71, 90, 0, 0, 0, 0, 0, 0, 0]","[34, 41, 89, 0, 0, 0, 0, 0, 0, 0]","22 Nov_Dortmund_vs_Stuttgart",,,"2025-12-10 18:56:30"
16416,Bulgaria,germany,germany,"A PFG",Stuttgart,"Hamburger SV","30 Nov",0,2-1,1,2,"[54, 0, 0, 0, 0, 0, 0, 0, 0, 0]","[17, 90, 0, 0, 0, 0, 0, 0, 0, 0]","30 Nov_Hamburger SV_vs_Stuttgart",,,"2025-12-10 18:56:30"
16417,Bulgaria,germany,germany,"A PFG",Stuttgart,"Bayern Munich","6 Dec",1,0-5,0,5,"[0, 0, 0, 0, 0, 0, 0, 0, 0, 0]","[11, 66, 78, 82, 88, 0, 0, 0, 0, 0]","6 Dec_Bayern Munich_vs_Stuttgart",,,"2025-12-10 18:56:30"
16418,Bulgaria,germany,germany,"A PFG","Union Berlin",Stuttgart,"23 Aug",1,2-1,2,1,"[18, 45, 0, 0, 0, 0, 0, 0, 0, 0]","[86, 0, 0, 0, 0, 0, 0, 0, 0, 0]","23 Aug_Stuttgart_vs_Union Berlin",,,"2025-12-10 18:56:30"
16419,Bulgaria,germany,germany,"A PFG","Union Berlin",Dortmund,"31 Aug",0,3-0,0,3,"[0, 0, 0, 0, 0, 0, 0, 0, 0, 0]","[44, 58, 81, 0, 0, 0, 0, 0, 0, 0]","31 Aug_Dortmund_vs_Union Berlin",,,"2025-12-10 18:56:30"
16420,Bulgaria,germany,germany,"A PFG","Union Berlin",Hoffenheim,"13 Sep",1,2-4,2,4,"[49, 71, 0, 0, 0, 0, 0, 0, 0, 0]","[45, 45, 51, 83, 0, 0, 0, 0, 0, 0]","13 Sep_Hoffenheim_vs_Union Berlin",,,"2025-12-10 18:56:30"
16421,Bulgaria,germany,germany,"A PFG","Union Berlin","E. Frankfurt","21 Sep",0,3-4,4,3,"[9, 32, 53, 56, 0, 0, 0, 0, 0, 0]","[45, 80, 87, 0, 0, 0, 0, 0, 0, 0]","21 Sep_E. Frankfurt_vs_Union Berlin",,,"2025-12-10 18:56:30"
16422,Bulgaria,germany,germany,"A PFG","Union Berlin","Hamburger SV","28 Sep",1,0-0,0,0,"[0, 0, 0, 0, 0, 0, 0, 0, 0, 0]","[0, 0, 0, 0, 0, 0, 0, 0, 0, 0]","28 Sep_Hamburger SV_vs_Union Berlin",,,"2025-12-10 18:56:30"
16423,Bulgaria,germany,germany,"A PFG","Union Berlin",Leverkusen,"4 Oct",0,2-0,0,2,"[0, 0, 0, 0, 0, 0, 0, 0, 0, 0]","[33, 49, 0, 0, 0, 0, 0, 0, 0, 0]","4 Oct_Leverkusen_vs_Union Berlin",,,"2025-12-10 18:56:30"
16424,Bulgaria,germany,germany,"A PFG","Union Berlin",Monchengladbach,"17 Oct",1,3-1,3,1,"[3, 26, 81, 0, 0, 0, 0, 0, 0, 0]","[33, 0, 0, 0, 0, 0, 0, 0, 0, 0]","17 Oct_Monchengladbach_vs_Union Berlin",,,"2025-12-10 18:56:30"
16425,Bulgaria,germany,germany,"A PFG","Union Berlin","Werder Bremen","24 Oct",0,1-0,0,1,"[0, 0, 0, 0, 0, 0, 0, 0, 0, 0]","[72, 0, 0, 0, 0, 0, 0, 0, 0, 0]","24 Oct_Union Berlin_vs_Werder Bremen",,,"2025-12-10 18:56:30"
16426,Bulgaria,germany,germany,"A PFG","Union Berlin",Freiburg,"1 Nov",1,0-0,0,0,"[0, 0, 0, 0, 0, 0, 0, 0, 0, 0]","[0, 0, 0, 0, 0, 0, 0, 0, 0, 0]","1 Nov_Freiburg_vs_Union Berlin",,,"2025-12-10 18:56:30"
16427,Bulgaria,germany,germany,"A PFG","Union Berlin","Bayern Munich","8 Nov",1,2-2,2,2,"[27, 83, 0, 0, 0, 0, 0, 0, 0, 0]","[38, 90, 0, 0, 0, 0, 0, 0, 0, 0]","8 Nov_Bayern Munich_vs_Union Berlin",,,"2025-12-10 18:56:30"
16428,Bulgaria,germany,germany,"A PFG","Union Berlin","Sankt Pauli","23 Nov",0,0-1,1,0,"[44, 0, 0, 0, 0, 0, 0, 0, 0, 0]","[0, 0, 0, 0, 0, 0, 0, 0, 0, 0]","23 Nov_Sankt Pauli_vs_Union Berlin",,,"2025-12-10 18:56:30"
16429,Bulgaria,germany,germany,"A PFG","Union Berlin",Heidenheim,"29 Nov",1,1-2,1,2,"[43, 0, 0, 0, 0, 0, 0, 0, 0, 0]","[90, 90, 0, 0, 0, 0, 0, 0, 0, 0]","29 Nov_Heidenheim_vs_Union Berlin",,,"2025-12-10 18:56:30"
16430,Bulgaria,germany,germany,"A PFG","Union Berlin",Wolfsburg,"6 Dec",0,3-1,1,3,"[68, 0, 0, 0, 0, 0, 0, 0, 0, 0]","[10, 30, 59, 0, 0, 0, 0, 0, 0, 0]","6 Dec_Union Berlin_vs_Wolfsburg",,,"2025-12-10 18:56:30"
16431,Bulgaria,germany,germany,"A PFG",Wolfsburg,Heidenheim,"23 Aug",0,1-3,3,1,"[20, 66, 87, 0, 0, 0, 0, 0, 0, 0]","[29, 0, 0, 0, 0, 0, 0, 0, 0, 0]","23 Aug_Heidenheim_vs_Wolfsburg",,,"2025-12-10 18:56:30"
16432,Bulgaria,germany,germany,"A PFG",Wolfsburg,"FSV Mainz","31 Aug",1,1-1,1,1,"[9, 0, 0, 0, 0, 0, 0, 0, 0, 0]","[89, 0, 0, 0, 0, 0, 0, 0, 0, 0]","31 Aug_FSV Mainz_vs_Wolfsburg",,,"2025-12-10 18:56:30"
16433,Bulgaria,germany,germany,"A PFG",Wolfsburg,"FC Koln","13 Sep",1,3-3,3,3,"[42, 65, 90, 0, 0, 0, 0, 0, 0, 0]","[5, 90, 90, 0, 0, 0, 0, 0, 0, 0]","13 Sep_FC Koln_vs_Wolfsburg",,,"2025-12-10 18:56:30"
16434,Bulgaria,germany,germany,"A PFG",Wolfsburg,Dortmund,"21 Sep",0,1-0,0,1,"[0, 0, 0, 0, 0, 0, 0, 0, 0, 0]","[20, 0, 0, 0, 0, 0, 0, 0, 0, 0]","21 Sep_Dortmund_vs_Wolfsburg",,,"2025-12-10 18:56:30"
16435,Bulgaria,germany,germany,"A PFG",Wolfsburg,"RB Leipzig","27 Sep",1,0-1,0,1,"[0, 0, 0, 0, 0, 0, 0, 0, 0, 0]","[8, 0, 0, 0, 0, 0, 0, 0, 0, 0]","27 Sep_RB Leipzig_vs_Wolfsburg",,,"2025-12-10 18:56:30"
16436,Bulgaria,germany,germany,"A PFG",Wolfsburg,"FC Augsburg","4 Oct",0,3-1,1,3,"[65, 0, 0, 0, 0, 0, 0, 0, 0, 0]","[3, 51, 63, 0, 0, 0, 0, 0, 0, 0]","4 Oct_FC Augsburg_vs_Wolfsburg",,,"2025-12-10 18:56:30"
16437,Bulgaria,germany,germany,"A PFG",Wolfsburg,Stuttgart,"18 Oct",1,0-3,0,3,"[0, 0, 0, 0, 0, 0, 0, 0, 0, 0]","[35, 55, 80, 0, 0, 0, 0, 0, 0, 0]","18 Oct_Stuttgart_vs_Wolfsburg",,,"2025-12-10 18:56:30"
16438,Bulgaria,germany,germany,"A PFG",Wolfsburg,"Hamburger SV","25 Oct",0,0-1,1,0,"[15, 0, 0, 0, 0, 0, 0, 0, 0, 0]","[0, 0, 0, 0, 0, 0, 0, 0, 0, 0]","25 Oct_Hamburger SV_vs_Wolfsburg",,,"2025-12-10 18:56:30"
16439,Bulgaria,germany,germany,"A PFG",Wolfsburg,Hoffenheim,"2 Nov",1,2-3,2,3,"[14, 56, 0, 0, 0, 0, 0, 0, 0, 0]","[31, 50, 62, 0, 0, 0, 0, 0, 0, 0]","2 Nov_Hoffenheim_vs_Wolfsburg",,,"2025-12-10 18:56:30"
16440,Bulgaria,germany,germany,"A PFG",Wolfsburg,"Werder Bremen","7 Nov",0,2-1,1,2,"[28, 0, 0, 0, 0, 0, 0, 0, 0, 0]","[83, 90, 0, 0, 0, 0, 0, 0, 0, 0]","7 Nov_Werder Bremen_vs_Wolfsburg",,,"2025-12-10 18:56:30"
16441,Bulgaria,germany,germany,"A PFG",Wolfsburg,Leverkusen,"22 Nov",1,1-3,1,3,"[57, 0, 0, 0, 0, 0, 0, 0, 0, 0]","[9, 24, 33, 0, 0, 0, 0, 0, 0, 0]","22 Nov_Leverkusen_vs_Wolfsburg",,,"2025-12-10 18:56:30"
16442,Bulgaria,germany,germany,"A PFG",Wolfsburg,"E. Frankfurt","30 Nov",0,1-1,1,1,"[67, 0, 0, 0, 0, 0, 0, 0, 0, 0]","[90, 0, 0, 0, 0, 0, 0, 0, 0, 0]","30 Nov_E. Frankfurt_vs_Wolfsburg",,,"2025-12-10 18:56:30"
16443,Bulgaria,germany,germany,"A PFG",Wolfsburg,"Union Berlin","6 Dec",1,3-1,3,1,"[10, 30, 59, 0, 0, 0, 0, 0, 0, 0]","[68, 0, 0, 0, 0, 0, 0, 0, 0, 0]","6 Dec_Union Berlin_vs_Wolfsburg",,,"2025-12-10 18:56:30"
16444,Bulgaria,germany,germany,"A PFG","Werder Bremen","E. Frankfurt","23 Aug",0,4-1,1,4,"[48, 0, 0, 0, 0, 0, 0, 0, 0, 0]","[22, 25, 47, 70, 0, 0, 0, 0, 0, 0]","23 Aug_E. Frankfurt_vs_Werder Bremen",,,"2025-12-10 18:56:30"
16445,Bulgaria,germany,germany,"A PFG","Werder Bremen",Leverkusen,"30 Aug",1,3-3,3,3,"[44, 76, 90, 0, 0, 0, 0, 0, 0, 0]","[5, 35, 64, 0, 0, 0, 0, 0, 0, 0]","30 Aug_Leverkusen_vs_Werder Bremen",,,"2025-12-10 18:56:30"
16446,Bulgaria,germany,germany,"A PFG","Werder Bremen",Monchengladbach,"14 Sep",0,0-4,4,0,"[15, 26, 74, 81, 0, 0, 0, 0, 0, 0]","[0, 0, 0, 0, 0, 0, 0, 0, 0, 0]","14 Sep_Monchengladbach_vs_Werder Bremen",,,"2025-12-10 18:56:30"
16447,Bulgaria,germany,germany,"A PFG","Werder Bremen",Freiburg,"20 Sep",1,0-3,0,3,"[0, 0, 0, 0, 0, 0, 0, 0, 0, 0]","[33, 54, 75, 0, 0, 0, 0, 0, 0, 0]","20 Sep_Freiburg_vs_Werder Bremen",,,"2025-12-10 18:56:30"
16448,Bulgaria,germany,germany,"A PFG","Werder Bremen","Bayern Munich","26 Sep",0,4-0,0,4,"[0, 0, 0, 0, 0, 0, 0, 0, 0, 0]","[22, 45, 65, 87, 0, 0, 0, 0, 0, 0]","26 Sep_Bayern Munich_vs_Werder Bremen",,,"2025-12-10 18:56:30"
16449,Bulgaria,germany,germany,"A PFG","Werder Bremen","Sankt Pauli","4 Oct",1,1-0,1,0,"[2, 0, 0, 0, 0, 0, 0, 0, 0, 0]","[0, 0, 0, 0, 0, 0, 0, 0, 0, 0]","4 Oct_Sankt Pauli_vs_Werder Bremen",,,"2025-12-10 18:56:30"
16450,Bulgaria,germany,germany,"A PFG","Werder Bremen",Heidenheim,"18 Oct",0,2-2,2,2,"[50, 69, 0, 0, 0, 0, 0, 0, 0, 0]","[67, 83, 0, 0, 0, 0, 0, 0, 0, 0]","18 Oct_Heidenheim_vs_Werder Bremen",,,"2025-12-10 18:56:30"
16451,Bulgaria,germany,germany,"A PFG","Werder Bremen","Union Berlin","24 Oct",1,1-0,1,0,"[72, 0, 0, 0, 0, 0, 0, 0, 0, 0]","[0, 0, 0, 0, 0, 0, 0, 0, 0, 0]","24 Oct_Union Berlin_vs_Werder Bremen",,,"2025-12-10 18:56:30"
16452,Bulgaria,germany,germany,"A PFG","Werder Bremen","FSV Mainz","1 Nov",0,1-1,1,1,"[86, 0, 0, 0, 0, 0, 0, 0, 0, 0]","[36, 0, 0, 0, 0, 0, 0, 0, 0, 0]","1 Nov_FSV Mainz_vs_Werder Bremen",,,"2025-12-10 18:56:30"
16453,Bulgaria,germany,germany,"A PFG","Werder Bremen",Wolfsburg,"7 Nov",1,2-1,2,1,"[83, 90, 0, 0, 0, 0, 0, 0, 0, 0]","[28, 0, 0, 0, 0, 0, 0, 0, 0, 0]","7 Nov_Werder Bremen_vs_Wolfsburg",,,"2025-12-10 18:56:30"
16454,Bulgaria,germany,germany,"A PFG","Werder Bremen","RB Leipzig","23 Nov",0,2-0,0,2,"[0, 0, 0, 0, 0, 0, 0, 0, 0, 0]","[63, 80, 0, 0, 0, 0, 0, 0, 0, 0]","23 Nov_RB Leipzig_vs_Werder Bremen",,,"2025-12-10 18:56:30"
16455,Bulgaria,germany,germany,"A PFG","Werder Bremen","FC Koln","29 Nov",1,1-1,1,1,"[22, 0, 0, 0, 0, 0, 0, 0, 0, 0]","[90, 0, 0, 0, 0, 0, 0, 0, 0, 0]","29 Nov_FC Koln_vs_Werder Bremen",,,"2025-12-10 18:56:30"
16456,Bulgaria,germany,germany,"A PFG","Werder Bremen","Hamburger SV","7 Dec",0,3-2,2,3,"[45, 78, 0, 0, 0, 0, 0, 0, 0, 0]","[63, 75, 84, 0, 0, 0, 0, 0, 0, 0]","7 Dec_Hamburger SV_vs_Werder Bremen",,,"2025-12-10 18:56:30"
